{
  "intrasentence": {
    "gender": {
      "Count": 765.0,
      "LM Score": 72.4076200771853,
      "SS Score": 57.48846387107257,
      "ICAT Score": 61.56318313841828
    },
    "profession": {
      "Count": 2430.0,
      "LM Score": 72.19112262770665,
      "SS Score": 49.134839801402485,
      "ICAT Score": 70.94198490791537
    },
    "race": {
      "Count": 2886.0,
      "LM Score": 67.61325221417151,
      "SS Score": 47.92439924018959,
      "ICAT Score": 64.80648986079176
    },
    "religion": {
      "Count": 237.0,
      "LM Score": 61.356321839080465,
      "SS Score": 47.49425287356322,
      "ICAT Score": 58.281453296340345
    },
    "overall": {
      "Count": 2106.0,
      "LM Score": 69.7209610738034,
      "SS Score": 49.57836663316856,
      "ICAT Score": 69.13302740267797
    }
  },
  "intersentence": {
    "gender": {
      "Count": 726.0,
      "LM Score": 12.343514979384544,
      "SS Score": 42.124387287430764,
      "ICAT Score": 10.39926010959595
    },
    "profession": {
      "Count": 2481.0,
      "LM Score": 18.91584212557516,
      "SS Score": 41.001810859597285,
      "ICAT Score": 15.511675621656709
    },
    "race": {
      "Count": 2928.0,
      "LM Score": 15.190944199958844,
      "SS Score": 41.803402314942915,
      "ICAT Score": 12.700663038694564
    },
    "religion": {
      "Count": 234.0,
      "LM Score": 10.861111111111112,
      "SS Score": 38.83524904214559,
      "ICAT Score": 8.435879097488293
    },
    "overall": {
      "Count": 2123.0,
      "LM Score": 16.08060427965762,
      "SS Score": 41.42691682438743,
      "ICAT Score": 13.323397119585296
    }
  },
  "overall": {
    "Count": 4229.0,
    "LM Score": 42.82453709039637,
    "SS Score": 45.54170517644567,
    "ICAT Score": 39.00604884977188
  }
}