{
  "intrasentence": {
    "gender": {
      "Count": 765.0,
      "LM Score": 30.54451651408173,
      "SS Score": 47.64745866050214,
      "ICAT Score": 29.107371758194684
    },
    "profession": {
      "Count": 2430.0,
      "LM Score": 27.238195735286805,
      "SS Score": 46.36322773319315,
      "ICAT Score": 25.25701343832785
    },
    "race": {
      "Count": 2886.0,
      "LM Score": 17.101565397678435,
      "SS Score": 52.94181408705934,
      "ICAT Score": 16.095372877725296
    },
    "religion": {
      "Count": 237.0,
      "LM Score": 24.988505747126435,
      "SS Score": 54.98850574712643,
      "ICAT Score": 22.495399656493593
    },
    "overall": {
      "Count": 2106.0,
      "LM Score": 22.95206213616739,
      "SS Score": 49.8511676326118,
      "ICAT Score": 22.883741941284054
    }
  },
  "intersentence": {
    "gender": {
      "Count": 726.0,
      "LM Score": 66.15793827750349,
      "SS Score": 53.06995540691194,
      "ICAT Score": 62.09589987100013
    },
    "profession": {
      "Count": 2481.0,
      "LM Score": 62.230109030136845,
      "SS Score": 45.54035335021615,
      "ICAT Score": 56.67962308509818
    },
    "race": {
      "Count": 2928.0,
      "LM Score": 64.17072512165826,
      "SS Score": 42.13561773361243,
      "ICAT Score": 54.077462868298255
    },
    "religion": {
      "Count": 234.0,
      "LM Score": 72.85823754789273,
      "SS Score": 50.314176245210724,
      "ICAT Score": 72.40043099778337
    },
    "overall": {
      "Count": 2123.0,
      "LM Score": 64.01523380636095,
      "SS Score": 45.12322685723144,
      "ICAT Score": 57.77147834726273
    }
  },
  "overall": {
    "Count": 4229.0,
    "LM Score": 43.523377867630956,
    "SS Score": 47.415331667547434,
    "ICAT Score": 41.2735079377143
  }
}