{
  "intrasentence": {
    "gender": {
      "Count": 765.0,
      "LM Score": 53.75256386125951,
      "SS Score": 56.13148831844485,
      "ICAT Score": 47.16089951322404
    },
    "profession": {
      "Count": 2430.0,
      "LM Score": 42.96477755758086,
      "SS Score": 50.052740562494755,
      "ICAT Score": 42.919457826863884
    },
    "race": {
      "Count": 2886.0,
      "LM Score": 33.94163777394642,
      "SS Score": 53.37421862709959,
      "ICAT Score": 31.65110764572408
    },
    "religion": {
      "Count": 237.0,
      "LM Score": 37.01149425287357,
      "SS Score": 48.45977011494253,
      "ICAT Score": 35.871370062095394
    },
    "overall": {
      "Count": 2106.0,
      "LM Score": 39.99243554380648,
      "SS Score": 52.27529469594562,
      "ICAT Score": 38.17254401439108
    }
  },
  "intersentence": {
    "gender": {
      "Count": 726.0,
      "LM Score": 11.04091460069721,
      "SS Score": 36.56131107218064,
      "ICAT Score": 8.073406264749435
    },
    "profession": {
      "Count": 2481.0,
      "LM Score": 16.969887495879338,
      "SS Score": 36.41308474960681,
      "ICAT Score": 12.358519031574945
    },
    "race": {
      "Count": 2928.0,
      "LM Score": 13.235835442886488,
      "SS Score": 43.7448394688847,
      "ICAT Score": 11.579989933712877
    },
    "religion": {
      "Count": 234.0,
      "LM Score": 11.587164750957854,
      "SS Score": 32.13026819923372,
      "ICAT Score": 7.44597422233966
    },
    "overall": {
      "Count": 2123.0,
      "LM Score": 14.31338406430556,
      "SS Score": 39.61026175553875,
      "ICAT Score": 11.339137787894005
    }
  },
  "overall": {
    "Count": 4229.0,
    "LM Score": 27.186565937570016,
    "SS Score": 45.93095323909459,
    "ICAT Score": 24.974097776201805
  }
}