{
  "intrasentence": {
    "gender": {
      "Count": 765.0,
      "LM Score": 64.69911931868454,
      "SS Score": 54.67667388971736,
      "ICAT Score": 58.64758567857654
    },
    "profession": {
      "Count": 2430.0,
      "LM Score": 72.35349682753613,
      "SS Score": 53.98539580056362,
      "ICAT Score": 66.58635037928501
    },
    "race": {
      "Count": 2886.0,
      "LM Score": 76.5653420489141,
      "SS Score": 58.22466610813836,
      "ICAT Score": 63.97085457275961
    },
    "religion": {
      "Count": 237.0,
      "LM Score": 70.62068965517241,
      "SS Score": 43.72413793103448,
      "ICAT Score": 61.75657550535077
    },
    "overall": {
      "Count": 2106.0,
      "LM Score": 73.23810735113108,
      "SS Score": 55.615050716457795,
      "ICAT Score": 65.01339360805146
    }
  },
  "intersentence": {
    "gender": {
      "Count": 726.0,
      "LM Score": 15.987849710675794,
      "SS Score": 53.15310293571163,
      "ICAT Score": 14.979622993506831
    },
    "profession": {
      "Count": 2481.0,
      "LM Score": 24.03533876997911,
      "SS Score": 46.07578073816486,
      "ICAT Score": 22.14893998266141
    },
    "race": {
      "Count": 2928.0,
      "LM Score": 25.567207177769845,
      "SS Score": 55.268789454273325,
      "ICAT Score": 22.873042546700745
    },
    "religion": {
      "Count": 234.0,
      "LM Score": 21.054597701149426,
      "SS Score": 52.57471264367816,
      "ICAT Score": 19.970406922975293
    },
    "overall": {
      "Count": 2123.0,
      "LM Score": 23.60154318619359,
      "SS Score": 51.40765835173338,
      "ICAT Score": 22.937084998596763
    }
  },
  "overall": {
    "Count": 4229.0,
    "LM Score": 48.34003719450952,
    "SS Score": 53.46661305931868,
    "ICAT Score": 44.98851310998077
  }
}