{
  "intrasentence": {
    "gender": {
      "Count": 765.0,
      "LM Score": 38.37453383975124,
      "SS Score": 44.91648673387804,
      "ICAT Score": 34.472984802638805
    },
    "profession": {
      "Count": 2430.0,
      "LM Score": 45.697084303355574,
      "SS Score": 50.79305271347153,
      "ICAT Score": 44.972280369265306
    },
    "race": {
      "Count": 2886.0,
      "LM Score": 50.63615093155767,
      "SS Score": 44.88201546413636,
      "ICAT Score": 45.453050183090284
    },
    "religion": {
      "Count": 237.0,
      "LM Score": 52.89655172413793,
      "SS Score": 50.39080459770114,
      "ICAT Score": 52.483107411811346
    },
    "overall": {
      "Count": 2106.0,
      "LM Score": 47.29429058489454,
      "SS Score": 47.340271129682776,
      "ICAT Score": 44.77849078349822
    }
  },
  "intersentence": {
    "gender": {
      "Count": 726.0,
      "LM Score": 28.360330289678114,
      "SS Score": 43.18948965688096,
      "ICAT Score": 24.497363834235614
    },
    "profession": {
      "Count": 2481.0,
      "LM Score": 26.133457467977305,
      "SS Score": 40.75648845105648,
      "ICAT Score": 21.30215914959585
    },
    "race": {
      "Count": 2928.0,
      "LM Score": 25.24620263226431,
      "SS Score": 44.09662313292891,
      "ICAT Score": 22.265445660250343
    },
    "religion": {
      "Count": 234.0,
      "LM Score": 12.976053639846745,
      "SS Score": 41.79693486590038,
      "ICAT Score": 10.847185376022079
    },
    "overall": {
      "Count": 2123.0,
      "LM Score": 25.511373197685508,
      "SS Score": 42.62606060105881,
      "ICAT Score": 21.7489867988154
    }
  },
  "overall": {
    "Count": 4229.0,
    "LM Score": 36.30194868456161,
    "SS Score": 45.074182063947895,
    "ICAT Score": 32.725612885680476
  }
}